Category,Item,QOH,Cost Value,Total Cost Value,Retail Value,Total Retail Value
BUDWEISER,,,,
BUDWEISER,BUD LIGHT 12 OZ NR LOOSE CASE,8,18.48,147.84,24.59,196.72
BUDWEISER,BUD LIGHT 30 PACK,114,18.30,2086.20,23.49,2677.86
BUDWEISER,BUD ICE  30 PACK,16,17.73,283.68,25.99,415.84
BUDWEISER,BUD LIGHT LIME 2/12 PK NR CASE,1,0.87,0.87,27.99,27.99
BUDWEISER,RED BRIDGE  4/6 PK NR CASE,78,1.30,101.40,39.29,3064.62
BUDWEISER,BUD  16OZ CANS3/8PK CASE,144,0.79,113.76,24.39,3512.16
BUDWEISER,BUD LIGHT PLAT. 16 OZ CAN 6/4 PK CASE,296,0.88,260.48,26.99,7989.04
BUDWEISER,BUD LIGHT LIME 16 OZ CAN 6/4 PK CASE,284,0.88,249.92,26.99,7665.16
BUDWEISER,BUD LIGHT PLATINUM 2/12 PK NR CASE,132,0.87,114.84,27.99,3694.68
BUDWEISER,BUD 12OZ 2/12 PK NR CASE,84,0.82,68.88,26.49,2225.16
BUDWEISER,BUD LIGHT 2/12 PK NR CASE,204,0.81,165.24,26.49,5403.96
BUDWEISER,BUD LIGHT LIME 30 PACK,15,19.11,286.65,24.89,373.35
BUDWEISER,BUD LIGHT 3/8 PK 16 OZ CAN CASE,76,0.73,55.48,24.39,1853.64
BUDWEISER,BUD 12 OZ CAN 18 PACK,14,11.20,156.80,14.99,209.86
BUDWEISER,BUD LIGHT 12 OZ  CAN18 PACK,18,11.32,203.76,14.99,269.82
BUDWEISER,BUD LIGHT 2/12 PK CAN CASE,36,0.77,27.72,23.39,842.04
BUDWEISER,BUD  ALUMINUM 16A3/8 CASE,189,0.81,153.09,26.49,5006.61
BUDWEISER,BUD LIGHT  ALUMINUM  16 OZ 3/8PK CASE,312,0.84,262.08,26.49,8264.88
BUDWEISER,BUD ALUMINUM 2/12 PK NR CASE,24,0.80,19.20,24.99,599.76
BUDWEISER,BUD ALUMINUM 16 OZ 20 PK NR CASE,4,15.54,62.16,19.99,79.96
,Total,2049,,$4820.05,,$54373.11
BUSCH,,,,
BUSCH,BUSCH 30 PACK,52,14.87,773.24,19.99,1039.48
BUSCH,BUSCH LIGHT  30 PACK,44,14.83,652.52,19.99,879.56
BUSCH,BUSCH 16OZ CANS 18 PK,12,11.35,136.20,15.19,182.28
BUSCH,BUSCH  LIGHT 16OZ CANS 18 PK,9,11.35,102.15,15.19,136.71
BUSCH,NATURAL ICE 12OZ CANS 18 PK,7,8.15,57.05,10.99,76.93
BUSCH,NATURAL LIGHT 12OZ CAN 18 PK,13,8.15,105.95,10.99,142.87
BUSCH,BUSCH 16OZ CANS 18 PK,10,2.99,29.90,2.99,29.90
,Total,147,,$1857.01,,$2487.73
CHESTERFIELD ALE,,,,
CHESTERFIELD ALE,CHESTERFIELD ALE  4/6 PK NR CASE,204,0.91,185.64,27.99,5709.96
CHESTERFIELD ALE,CHESTERFIELD 2/12 PK 12 OZ CAN CASE,432,0.74,319.68,22.79,9845.28
,Total,636,,$505.32,,$15555.24
COORS,,,,
COORS,COORS 30 PACK,23,18.65,428.95,23.79,547.17
COORS,HAMMS 30 PACK,11,11.95,131.45,14.79,162.69
,Total,34,,$560.4,,$709.86
COORS EXTRA GOLD,,,,
COORS EXTRA GOLD,COORS EXTRA GOLD 30 PACK,27,13.40,361.80,17.69,477.63
,Total,27,,$361.8,,$477.63
COORS LIGHT,,,,
COORS LIGHT,COORS LIGHT NR LOOSE CASE,56,17.99,1007.44,23.49,1315.44
COORS LIGHT,COORS LIGHT 7OZ NR,6,12.70,76.20,16.69,100.14
COORS LIGHT,COORS LIGHT 8OZ CANS  LOOSE CASE,13,12.21,158.73,13.99,181.87
COORS LIGHT,COORS LIGHT 30 PACK,109,18.66,2033.94,23.79,2593.11
COORS LIGHT,COORS LIGHT 16 OZ CAN 4/6 PK CASE,186,0.90,167.40,24.89,4629.54
COORS LIGHT,COORS LIGHT 16OZ CANS 18 PACK,35,13.95,488.25,18.29,640.15
COORS LIGHT,COORS LIGHT ALUM.2/9 PK CASE,171,1.04,177.84,21.79,3726.09
COORS LIGHT,COORS LIGHT COOLER BAGS,45,22.15,996.75,28.59,1286.55
COORS LIGHT,COORS LIGHT 10 OZ CAN LOOSE CASE,9,13.22,118.98,18.39,165.51
COORS LIGHT,COORS  12OZ NR LOOSE CASE,4,17.85,71.40,23.49,93.96
COORS LIGHT,COORS LIGHT 2/12 PK 12 OZ CAN CASE,36,0.74,26.64,22.79,820.44
,Total,670,,$5323.57,,$15552.8
GENESSE,,,,
GENESSE,GENESEE 30 PACK,24,11.15,267.60,14.49,347.76
GENESSE,GENESEE LIGHT  30 PACK,17,11.15,189.55,14.49,246.33
GENESSE,GENESEE ICE  30 PACK,26,11.49,298.74,14.49,376.74
GENESSE,GENESEE NA 30 PACK,12,11.19,134.28,14.49,173.88
,Total,79,,$890.17,,$1144.71
KEYSTONE,,,,
KEYSTONE,KEYSTONE LIGHT30 PACK,40,14.78,591.20,18.99,759.60
KEYSTONE,KEYSTONE LIGHT 16OZ 18 PACK,32,12.35,395.20,15.99,511.68
,Total,72,,$986.4,,$1271.28
KILLIANS,,,,
KILLIANS,KILLIANS RED 2/12 PK NR CASE,120,0.92,110.40,29.99,3598.80
,Total,120,,$110.4,,$3598.8
LIONSHEAD,,,,
LIONSHEAD,LIONS HEAD 12OZ NR,9,12.49,112.41,16.99,152.91
LIONSHEAD,LIONS HEAD LIGHT 12OZ NR,7,12.36,86.52,16.99,118.93
LIONSHEAD,LIONS HEAD 12OZ CAN LOOSE CASE,4,10.62,42.48,14.99,59.96
,Total,20,,$241.41,,$331.8
LITE,,,,
LITE,LITE 12 OZ NR LOOSE CASE,48,18.08,867.84,23.49,1127.52
LITE,LITE 7OZ NR,3,13.32,39.96,15.59,46.77
LITE,LITE  30 PACK,114,18.65,2126.10,23.79,2712.06
LITE,LITE 16 OZ CAN 4/6 PK  CASE,300,0.90,270.00,27.69,8307.00
LITE,LITE 8 OZ CAN,6,12.21,73.26,15.69,94.14
LITE,LITE ALUM. 18 PKCASE,171,0.93,159.03,21.79,3726.09
LITE,LITE 10 OZ CAN,11,13.20,145.20,17.29,190.19
LITE,LITE 16OZ 18 pack CANS,24,13.97,335.28,18.29,438.96
LITE,LITE NR 12 PACK,22,10.08,221.76,13.69,301.18
LITE,BECK  16 OZ CAN 6/4 PK CASE,216,0.90,194.40,26.99,5829.84
LITE,LITE 4/6 PK NR CASE,168,0.84,141.12,26.39,4433.52
LITE,LITE 24 OZ CAN CASE,38,1.40,53.20,24.99,949.62
,Total,1121,,$4627.15,,$28156.89
MICHELOB,,,,
MICHELOB,MICHELOB  2/12 PK NRCASE,36,0.84,30.24,26.49,953.64
MICHELOB,MICHELOB 30 PK,3,20.59,61.77,26.69,80.07
MICHELOB,MICH. ULTRA 2/12 PK NR CASE,672,0.83,557.76,26.49,17801.28
MICHELOB,MICH. ULTRA 30 PACK,73,19.12,1395.76,26.69,1948.37
MICHELOB,MICHELOB LIGHT 30 PACK,1,20.55,20.55,26.69,26.69
MICHELOB,MICHELOB AMB BOCK 2/12 PK NR CASE,84,0.86,72.24,26.49,2225.16
MICHELOB,MICH. ULT. 3/8PK 16 OZ CASE,348,0.84,292.32,36.49,12698.52
MICHELOB,KIRIN ICHIBAN 4/6 PK NR CASE,84,1.18,99.12,39.89,3350.76
MICHELOB,MICH. UL.  AMB.2/12 PK NR CASE,96,0.85,81.60,26.49,2543.04
MICHELOB,MICHELOB LIGHT12 OZ NR 2/12 PK CASE,132,0.85,112.20,26.49,3496.68
MICHELOB,MICH. ULTRA 12OZ  CAN 18 PK,21,12.70,266.70,16.79,352.59
MICHELOB,MICH. ULTRA12 OZ  NR 18 PK,16,12.70,203.20,15.99,255.84
MICHELOB,MICH. ULT. ALLUMN  3/8 PK CASE,220,1.13,248.60,39.39,8665.80
,Total,1786,,$3442.06,,$54398.44
MICKEY,,,,
MICKEY,MICKEY MALT 12OZ NR,7,18.80,131.60,24.49,171.43
,Total,7,,$131.6,,$171.43
MILLER,,,,
MILLER,MGD 12OZ NR LOOSE CASE,240,0.75,180.00,23.58,5659.20
MILLER,MGD 30 PACK,8,18.65,149.20,24.79,198.32
MILLER,MILLER   64  12OZ NR LOOSE CASE,96,0.76,72.96,23.58,2263.68
MILLER,MILLER HIGHLIFE 12OZ NR LOOSE CASE,11,14.35,157.85,21.29,234.19
MILLER,MILLER HIGHLIFE 30 PACK,9,15.36,138.24,21.99,197.91
MILLER,MILLER HIGHLIFE LIGHT 12OZ NR LOOSE CASE,2,13.70,27.40,21.29,42.58
MILLER,MILLER HIGHLIFE LIGHT 30 PACK,10,14.78,147.80,20.75,207.50
MILLER,MILLER 64 30 PACK,13,18.70,243.10,23.79,309.27
MILLER,RED DOG 30 PACK,5,14.79,73.95,18.99,94.95
,Total,394,,$1190.5,,$9207.6
MILWAUKEE,,,,
MILWAUKEE,MILWAUKEE B. LIGHT 30 PACK,9,12.67,114.03,16.49,148.41
MILWAUKEE,MILWAUKEE BEST30 PACK,13,12.77,166.01,16.49,214.37
MILWAUKEE,MILWAUKEE B. ICE 30 PACK,16,12.76,204.16,16.49,263.84
,Total,38,,$484.2,,$626.62
MISC. DOMESTIC,,,,
MISC. DOMESTIC,BLACK LABEL 24 PACK CAN,10,11.96,119.60,15.59,155.90
MISC. DOMESTIC,HURRICANE2/12 PK CAN CASE,312,0.36,112.32,11.69,3647.28
,Total,322,,$231.92,,$3803.18
MICRO BREW,,,,
MICRO BREW,21ST AMEND. VAR.2/12 PK CAN CASE,36,1.10,39.60,37.19,1338.84
MICRO BREW,21ST AMEND. BREW FREE IPA 4/6 PK CAN CASE,126,1.10,138.60,37.19,4685.94
MICRO BREW,21ST AMEND BACK IN BLACK 4/6 PK CAN CASE,42,1.10,46.20,37.19,1561.98
MICRO BREW,OLD FORGE16OZ CANS3/8PK CASE,4,0.62,2.48,19.99,79.96
MICRO BREW,BLUE MOON 2/12 PK  NR CASE,360,1.13,406.80,37.98,13672.80
MICRO BREW,MAGIC HAT #9 2/12 PK NR CASE,120,1.15,138.00,38.99,4678.80
MICRO BREW,MAGIC HAT VARIETY 2/12 PK NR CASE,36,1.17,42.12,36.19,1302.84
MICRO BREW,DOGFISH 60 MINUTE NR CASE,174,1.30,226.20,43.39,7549.86
MICRO BREW,DOGFISH 90 MINUTE 6/4 PK NR CASE,92,1.82,167.44,62.69,5767.48
MICRO BREW,BLUE MOON VAR.2/12 PK NR CASE,108,1.17,126.36,37.98,4101.84
MICRO BREW,FLYING FISH VARIETY 2/12 PK  NR CASE,72,1.19,85.68,40.79,2936.88
MICRO BREW,DOGFISH BURTON12 OZ NR 6/4  PK CASE,56,2.66,148.96,85.39,4781.84
MICRO BREW,EVIL GENIUS PURPLE MONKEY 4/6 NR CASE,78,1.33,103.74,44.99,3509.22
MICRO BREW,GREAT LAKES DORT 4/6 PK NR CASE,30,1.19,35.70,39.99,1199.70
MICRO BREW,GREAT LAKES ELIOT NESS 4/6 PK NR CASE,24,1.22,29.28,39.99,959.76
MICRO BREW,GREAT LAKES COMM.IPA 4/6 PK CASE,144,1.21,174.24,39.99,5758.56
MICRO BREW,GREAT LAKES EDM. FITZ. 4/6 PK NR CASE,42,1.19,49.98,39.99,1679.58
MICRO BREW,BLUE MOON 6/4 PK  16 OZ CAN CASE,60,1.13,67.80,36.99,2219.40
MICRO BREW,SHINER BOCK 4/6 PK NR CASE,18,1.14,20.52,36.29,653.22
MICRO BREW,SHINER VARIETY 2/12 PK NR CASE,36,1.14,41.04,38.49,1385.64
MICRO BREW,SHINER RUBY RED 4/6 PK  NR CASE,36,1.11,39.96,36.29,1306.44
MICRO BREW,BLUE MOON VARIETY 2/12 PK CAN CASE,192,1.03,197.76,32.99,6334.08
MICRO BREW,MAGIC HAT  CANTASTIC VARIETY 2/12 PK CAN CASE,156,1.13,176.28,38.99,6082.44
MICRO BREW,MAGIC HAT #9 2/12 PK CAN CASE,96,1.13,108.48,38.99,3743.04
MICRO BREW,CONEY ISLAND VARIETY 2/12 PK  NR CASE DISC,24,1.24,29.76,45.99,1103.76
MICRO BREW,FIRESTONE WALKER UNION JACK IPA 4/6 PK NR CASE,78,1.31,102.18,44.39,3462.42
MICRO BREW,MAGIC HAT DREAM MACHIN 2/12 PK  NR CASE,36,1.13,40.68,38.99,1403.64
MICRO BREW,SPRING HOUSE LEX. DEV 4/6 PKCAN CASE,78,1.32,102.96,39.99,3119.22
MICRO BREW,SPRING HOUSE SHE MO4/6 PK CAN CASE,48,1.32,63.36,39.99,1919.52
MICRO BREW,MAGIC HAT BOBS 1ST ALE 4/6 PK NR CASE,12,1.13,13.56,36.19,434.28
MICRO BREW,DOGFISH MIDAS TOUCH 6/4  NR CASE,40,2.29,91.60,73.99,2959.60
MICRO BREW,DOGFISH 60 MINUTE CAN CASE,132,1.30,171.60,43.39,5727.48
MICRO BREW,SIERRA NEV. PALE ALE 2/12 PK NR CASE,216,1.17,252.72,39.69,8573.04
MICRO BREW,VICTORY GOLD MONKEY2/12 NR CAS,84,1.58,132.72,53.49,4493.16
MICRO BREW,VICTORY PRIMA PILSNER2/12 PK NR CASE,96,1.22,117.12,41.29,3963.84
MICRO BREW,SAM  ADAMS BOSTON LAGER2/12 PK NR CASE,228,1.25,285.00,41.89,9550.92
MICRO BREW,SAM  ADAMS CHERRY WHEAT 4/6 PK NR CASE,114,1.32,150.48,41.89,4775.46
MICRO BREW,WEYERBACHER BIG BEERVARIETY 2/12 PK NR CASE,60,2.02,121.20,64.69,3881.40
MICRO BREW,ROGUE DEAD GUY ALE 4/6  PK NR CASE,36,1.42,51.12,47.89,1724.04
MICRO BREW,HARPOON IPA 2/12 PK NR CASE,84,1.20,100.80,40.49,3401.16
MICRO BREW,SAM  ADAMS  SUMMER ALE 2/12 PK NR CASE,240,1.25,300.00,41.89,10053.60
MICRO BREW,SEA DOG  VARIETY NR CASE,72,1.20,86.40,37.29,2684.88
MICRO BREW,LANC.  MILK STOUT CASE 2/12 PK NR CASE,60,1.19,71.40,38.09,2285.40
MICRO BREW,LANC.  VARIETY 2/12 PK NR CASE,84,1.12,94.08,42.29,3552.36
MICRO BREW,LANC.  STRAWBERRY 2/12 PK NR CASE,36,1.19,42.84,38.09,1371.24
MICRO BREW,SAM  ADAMS IRISH RED 4/6 PK NR CASE,42,1.32,55.44,44.69,1876.98
MICRO BREW,WEYERBACHER M MONKS CASE NR,30,1.55,46.50,53.29,1598.70
MICRO BREW,SIERRA NEV. TORPEDO 2/12 PK NR CASE,156,1.14,177.84,39.69,6191.64
MICRO BREW,SAM  ADAMS VARIETY 2/12 PK  NR CASE,12,1.25,15.00,41.89,502.68
MICRO BREW,SMUTTYNOSE VARIETY2/12 PK NR CASE,96,1.23,118.08,41.59,3992.64
MICRO BREW,OMMEGANG ABBEY ALE 6/4 PK NR CASE,12,2.03,24.36,68.99,827.88
MICRO BREW,ABITA  PURPLE HAZE 2/12 NR CASE,24,1.04,24.96,35.29,846.96
MICRO BREW,VICTORY HEAD WATER 4/6 PK NR CASE,138,1.22,168.36,41.29,5698.02
MICRO BREW,YOUNGS DBLCHOC  STOUT 6/4PK NR CASE,36,2.83,101.88,95.90,3452.40
MICRO BREW,SIERRA NEV. PALE ALE 2/12 PK  CAN CASE,216,1.17,252.72,39.69,8573.04
MICRO BREW,WELLS BANANA BREAD 6/4  PK NR CASE,12,1.77,21.24,59.89,718.68
MICRO BREW,VICTORY DIRT WOLF 2/12 PK  NR CASE,72,1.58,113.76,53.49,3851.28
MICRO BREW,HARPOON UFO HEFE WEIZN 4/6 PK NR CASE,90,1.20,108.00,40.49,3644.10
MICRO BREW,SHIPYARD IPA   VARIETY2/12 PK  NR CASE,84,1.20,100.80,40.49,3401.16
MICRO BREW,GREAT DEVIDE CANDEM 2/12 PK CAN. CASE,36,1.25,45.00,42.19,1518.84
MICRO BREW,SIERRA NEV. NOONER PILSNER 4/6 PK NR CASE ,60,1.17,70.20,39.69,2381.40
MICRO BREW,VICTORY SUMMER LOVE 2/12 PK NR CASE,216,1.22,263.52,41.29,8918.64
MICRO BREW,VICTORY VARIETY 2/12 PK NR CASE,204,1.29,263.16,43.69,8912.76
MICRO BREW,HONEY BROWN 2/12 PK NR CASE,72,0.62,44.64,19.99,1439.28
MICRO BREW,SIERRA NEV. TORP.12 OZ CAN CASE,180,1.17,210.60,39.69,7144.20
MICRO BREW,VICTORY VITAL 2/12 PK CAN CASE,48,1.10,52.80,37.89,1818.72
MICRO BREW,YOUNGS DBLCHOC. STOUT6/4 PK 14.9 CAN,4,2.20,8.80,72.29,289.16
MICRO BREW,SHIPYARD   RED IPA 2/12 PK  NR CASE,24,1.20,28.80,40.49,971.76
MICRO BREW,VICTORY HELLES LAGER2/12 PK NR CASE,156,1.22,190.32,41.29,6441.24
MICRO BREW,UINTA  TRIO VARIETY CAN 18 PK,18,1.04,18.72,25.99,467.82
MICRO BREW,LANC.  KOLSCH 4/6 PK  CAN CASE,24,0.92,22.08,30.99,743.76
MICRO BREW,BROOKLYN BROWN ALE 4/6 PK NR CASE,72,1.16,83.52,39.39,2836.08
MICRO BREW,BROOKLYN LAGER 4/6 PK NR CASE,66,1.16,76.56,39.39,2599.74
MICRO BREW,BROOKLYN VARIETY 2/12 PK NR CASE,72,1.16,83.52,39.39,2836.08
MICRO BREW,OMMEGANG 3 PHIL.6/4 PK NR CASE,12,3.13,37.56,105.80,1269.60
MICRO BREW,TRULY POMEGRANTE 4/6 PK NR CASE,72,1.13,81.36,39.89,2872.08
MICRO BREW,TRULY GRAPE FRUIT4/6 PK  NR CASE,132,1.13,149.16,38.39,5067.48
MICRO BREW,TRULY LIME 4/6 PK NR  CASE,78,1.13,88.14,38.39,2994.42
MICRO BREW,TRULY VARIETY 2/12 PK  CAN  CASE,180,1.10,198.00,38.39,6910.20
MICRO BREW,VICTORY VITAL IPA 2/12 PK NR CASE,72,1.22,87.84,41.29,2972.88
MICRO BREW,HARPOON FRESH TRACKS 12 PK DISC,2,23.96,47.92,20.99,41.98
MICRO BREW,TROEGS HOPBACK 2/12 PK NR CASE,12,0.69,8.28,39.49,473.88
MICRO BREW,TROEGS TROEGENATOR 2/12 PK NR CASE,96,1.22,117.12,39.49,3791.04
MICRO BREW,TROEGS SOLID  SENDER  ALE 2/12 PK NR CASE,108,1.19,128.52,39.49,4264.92
MICRO BREW,TROEGS VARIETY 2/12 PK NR CASE,240,1.22,292.80,39.49,9477.60
MICRO BREW,TROEGS DREAMWEAVER2/12 PK NR CASE,60,1.19,71.40,27.49,1649.40
MICRO BREW,SHOCK TOP 2/12 PK NR CASE,120,1.00,120.00,32.89,3946.80
MICRO BREW,TROEGS JAVA HEAD2 /12 PK NR CASE,108,1.22,131.76,39.49,4264.92
MICRO BREW,LANDSHARK 2/12 PK  NR CASE,384,0.88,337.92,29.39,11285.76
MICRO BREW,WILD BLUE 4/6 PK NR CASE,54,1.30,70.20,38.89,2100.06
MICRO BREW,TROEGS PERPETUA2/12 PK NR CASE,456,1.22,556.32,39.49,18007.44
MICRO BREW,LEFFE 12 OZ NR 4/6/PK CASE,108,1.30,140.40,39.69,4286.52
MICRO BREW,KONA LONGBOARD 2/12 PK NR CASE,48,1.33,63.84,41.69,2001.12
MICRO BREW,KONA VARIETY 2/12 PK NR CASE,84,1.24,104.16,41.69,3501.96
MICRO BREW,EVO VARIETY 2/12 NR CASE,72,1.34,96.48,43.39,3124.08
MICRO BREW,TROEGS PERPET.2/12 PK CANS CASE,96,1.20,115.20,39.49,3791.04
MICRO BREW,SHOCK TOP 4/6 PK 16 OZ CAN,248,0.88,218.24,26.99,6693.52
MICRO BREW,LANDSHARK  16 OZ CAN 6/4 PK CASE,1032,0.76,784.32,23.99,24757.68
MICRO BREW,BLUE POINT TOAST LAGER2/12 PK NR CASE,48,1.24,59.52,42.19,2025.12
MICRO BREW,BLUE POINT2/12 PK SUMMER VARIETY CASE,84,1.26,105.84,40.89,3434.76
MICRO BREW,GOOSE ISLAND  FLIGHT PACK VARIETY 2/12 PK NR CASE,72,0.81,58.32,40.19,2893.68
MICRO BREW,SWEET WATER 420 2/12 PK NR CASE,24,1.25,30.00,41.19,988.56
MICRO BREW,SWEET WATER IPA 2/12 PK NR CASE,96,1.25,120.00,41.19,3954.24
MICRO BREW,SWEET WATER VARIETY2/12 PK CASE,24,1.25,30.00,41.19,988.56
MICRO BREW,SHOCK TOP 12 OZ CAN 15PK,12,12.76,153.12,16.69,200.28
MICRO BREW,EVO LOT 3 4/6PK NR CASE,102,1.30,132.60,40.69,4150.38
MICRO BREW,SWEET WATER GOING COAST 4/ 6 PK CASE,60,1.30,78.00,41.19,2471.40
MICRO BREW,EVOLUTION PINE HOPLE 4/6 PK NR CASE,48,1.30,62.40,43.79,2101.92
MICRO BREW,GOOSE ISLAND  IPA CAN CASE,48,1.22,58.56,39.49,1895.52
MICRO BREW,LANDSHARK 2/12 OZ CAN CASE,12,0.88,10.56,29.39,352.68
MICRO BREW,TWO HEARTED ALE 4/6 PK NR CASE,7,1.40,9.80,47.29,331.03
MICRO BREW,STONE I.P.A. 2/12 PK NR CASE,12,1.31,15.72,43.99,527.88
MICRO BREW,DU CLAW SB JESUS 2/12 NR CASE,42,1.31,55.02,43.39,1822.38
MICRO BREW,STONE ALL  IPA MIX PACK 2/12 PK NR CASE,24,1.31,31.44,43.99,1055.76
MICRO BREW,BELLS OBERON ALE 2/12 PK NR CASE,48,1.12,53.76,37.99,1823.52
MICRO BREW,TWO HEARTED ALE 6/4 PK 16 OZ CAN CASE,21,1.46,30.66,49.49,1039.29
MICRO BREW,BALLAST POINT SEXTON VARIETY 2/12 PK NR CASE,24,2.19,52.56,73.99,1775.76
MICRO BREW,BALLAST POINT SCULPIN IPA NR 4/6 PK  CASE,24,1.89,45.36,63.79,1530.96
MICRO BREW,SLY FOX BOX SET VAR. CAN CASE,120,1.19,142.80,40.19,4822.80
MICRO BREW,HEAVY SEAS CROOSBONES 4/6 PK CASE,54,1.24,66.96,41.99,2267.46
MICRO BREW,TERRAPIN IPA  VARIETY 2/12 PK CAN CASE,72,1.26,90.72,41.59,2994.48
MICRO BREW,HEAVY SEAS BOATLOAD CASE,12,1.31,15.72,44.39,532.68
MICRO BREW,STONE RUINATION 4/6 PK NR CASE,6,1.53,9.18,51.69,310.14
MICRO BREW,DU CLAW BLOOD ORANGE NEON GYPSY4/6 PK NR CASE,24,1.30,31.20,43.99,1055.76
MICRO BREW,JACK PEAR 12 OZ CAN CASE,48,1.15,55.20,37.69,1809.12
MICRO BREW,YARDS VARIETY 2/12 PK NR CASE,156,1.18,184.08,39.89,6222.84
MICRO BREW,YARDS PHIL PALE ALE 2/12 NR CASE,36,1.17,42.12,39.89,1436.04
MICRO BREW,YARDS IPA 2/12 NR CASE,120,1.05,126.00,39.89,4786.80
MICRO BREW,YARDS BRAWLER 2/12 NR CASE,84,1.16,97.44,39.89,3350.76
MICRO BREW,YARDS T. JEFFERSON ALE 2/12 PK NR CASE,48,1.24,59.52,42.29,2029.92
MICRO BREW,DESCHUTES BLK BUTTE P 2/12 PK NR CASE,72,1.23,88.56,44.50,3204.00
MICRO BREW,DESCHUTES MIRROR POND 2/12 PK NR CASE,24,1.29,30.96,44.50,1068.00
MICRO BREW,CRABBIES ORANGE GINGER6/4 PK NR CASE,36,1.74,62.64,57.99,2087.64
MICRO BREW,ITHACA FLOWER POW 2/12 NR CASE,108,1.33,143.64,50.29,5431.32
MICRO BREW,CRABBIES GINGER6/4 PK NR BEER,80,1.74,139.20,57.99,4639.20
MICRO BREW,JACKS HELENS BLEND CAN 2/12 PK CASE,36,1.15,41.40,37.69,1356.84
MICRO BREW,DESCHUTES FRESH SQEEZED IPA 4/6 PK NR,42,1.45,60.90,48.99,2057.58
MICRO BREW,YARDS REV. VARIETY 2/12 PK NR CASE,144,1.24,178.56,42.29,6089.76
MICRO BREW,FOUR POES 2/12 PK NR CASE,12,1.26,15.12,40.89,490.68
MICRO BREW,DESCHUTES VARIETY 2/12 PK NR CASE,60,1.25,75.00,44.50,2670.00
MICRO BREW,YARDS CAPE OF GOOD HOPE 6/4 PK CASE,48,1.43,68.64,46.99,2255.52
MICRO BREW,NEW BELG FAT TIRE 2/12 PK CAN CASE,84,1.21,101.64,40.99,3443.16
MICRO BREW,NEW BELG FAT TIRE 2/12 PK NR CASE,192,1.21,232.32,40.99,7870.08
MICRO BREW,NEW BELG  JUICY WATERMELON 2/12 PK NR CASE,24,1.16,27.84,41.99,1007.76
MICRO BREW,NEW BELG. VARIETY 2/12  CAN CASE,132,1.24,163.68,40.99,5410.68
MICRO BREW,NEW BELG.1554 4/6 PK NR CASE,12,1.32,15.84,44.59,535.08
MICRO BREW,JACK HARD CIDER 12 OZ CAN 2/12 PK CASE,60,1.15,69.00,37.69,2261.40
MICRO BREW,NEW BELG. VARIETY 2/12 PK NR CASE,204,1.24,252.96,40.99,8361.96
MICRO BREW,KENTUCKEY BOURBON ALE 6/4 PK NR CASE,8,2.25,18.00,75.99,607.92
MICRO BREW,DESCHUTES HOP SLICE SUMMER ALE NR 2/12 PK  CASE,72,1.31,94.32,44.50,3204.00
MICRO BREW,KENTUCKEY BOURBON STOUT 6/4 PK NR CASE,52,2.41,125.32,81.48,4236.96
MICRO BREW,NEW BELG TARTASTIC 2/12 PK CAN CASE,24,1.18,28.32,40.99,983.76
MICRO BREW,FOUNDERS DIRTY BASTARD 4/6 PK NR CASE,24,1.29,30.96,42.99,1031.76
MICRO BREW,FOUNDERS CENTENIAL IPA 4/6 PK NR CASE,54,1.29,69.66,44.49,2402.46
MICRO BREW,BRECK VAN. PORTER NR CASE,1,31.50,31.50,39.87,39.87
MICRO BREW,ATWATERVAN JAVA PORTER 4/6 PK NR CASE,24,1.29,30.96,43.69,1048.56
MICRO BREW,ATWATER DEC DARK CHOC.4/6 PK NR CASE,6,4.50,27.00,24.99,149.94
MICRO BREW,RIVERTOWNE VARIETY CAN CASE,48,1.13,54.24,17.99,863.52
MICRO BREW,FOUNDERS ALL DAY IPA4/6 PK NR CASE,24,1.29,30.96,42.99,1031.76
MICRO BREW,RIVERTOWNE HALAKAHIK 4/6 PK CAN CASE,12,1.13,13.56,37.39,448.68
MICRO BREW,FOUNDERS RUBAEUS 2/12 PK CAN CASE,27,1.56,42.12,29.66,800.82
MICRO BREW,BRECKENRIDGE  VARIETY 2/12 PK NR CASE,48,1.31,62.88,43.79,2101.92
MICRO BREW,FOUNDERS PORTER 4/6 NR CASE,30,1.29,38.70,42.99,1289.70
MICRO BREW,FOUNDERSPC PILS IPA 15 PK,7,15.75,110.25,21.89,153.23
MICRO BREW,OSKAR BLUES MAMA YELLA  CASE,48,1.33,63.84,42.19,2025.12
MICRO BREW,ST BONIFACE PAIDEIA CAN CAS,168,1.17,196.56,39.49,6634.32
MICRO BREW,ST BONIFACE LIB DBL IP CAN CAS,114,1.28,145.92,43.69,4980.66
MICRO BREW,ST BONIFACE 3 LB IPACAN CAS,72,1.17,84.24,39.49,2843.28
MICRO BREW,LAGUNITASLIL SUMPIN 2/12 PK NR CASE,84,1.33,111.72,43.99,3695.16
MICRO BREW,DOCK STREET PILSNER NR CASE,24,1.21,29.04,41.19,988.56
MICRO BREW,MORLEIN THIRD WAVE 15 PACK,1,14.95,14.95,19.99,19.99
MICRO BREW,21ST AMEND HELL OR HIGH WATERMELON 15 PK CAN ,10,13.55,135.50,18.99,189.90
MICRO BREW,SPRINGHOUSE DIABOLICAL 4/6 PK CAN CASE,66,1.32,87.12,44.69,2949.54
MICRO BREW,LIONS HEAD LIGHT 12 OZ CAN LOOSE,5,10.45,52.25,14.99,74.95
MICRO BREW,GUINNESS IRISH WHEAT 4/6 PK NR CASE,132,1.16,153.12,37.89,5001.48
MICRO BREW,OMMEGANG PALE SOUR ALE 6/4PK NR CASE,8,2.03,16.24,68.66,549.28
MICRO BREW,OMMEGANG BRUNETTA OUD BRUIN ALE 6/4 PK NR CASE,24,2.03,48.72,68.66,1647.84
MICRO BREW,STELLA 14.9 OZ CAN CASE,2,38.50,77.00,54.29,108.58
MICRO BREW,ABITA BLUEBERRY 4/6 PK NR CASE,24,1.04,24.96,35.29,846.96
MICRO BREW,HARPOON UFO WHIT ALE 2/12 PK NR CASE,24,1.20,28.80,40.49,971.76
MICRO BREW,VICTORY HOPPY QUAD 750 ML NR CASE,1,7.29,7.29,123.24,123.24
MICRO BREW,WEYERBACHER SEXY MOTHERPUCKER 4/6 PK NR CASE,24,1.55,37.20,52.39,1257.36
,Total,14416,,$17878.22,,$574298.56
NATURAL,,,,
NATURAL,NATURAL LIGHT 30 PACK,38,12.46,473.48,16.49,626.62
NATURAL,NATURAL ICE 30 PACK,90,12.46,1121.40,16.49,1484.10
,Total,128,,$1594.88,,$2110.72
OLD MILWAUKEE,,,,
OLD MILWAUKEE,OLD MILWAUKEE 30 PACK,10,14.88,148.80,19.10,191.00
OLD MILWAUKEE,NARRAGANSETT 30 PACK,12,15.80,189.60,21.79,261.48
OLD MILWAUKEE,OLD MILWAUKEE LIGHT 30 PACK,4,14.85,59.40,19.10,76.40
,Total,26,,$397.8,,$528.88
PABST,,,,
PABST,PABST 12OZ 2/ 12 PK NR CASE,216,0.66,142.56,20.99,4533.84
PABST,PABST 12 OZ CAN LOOSE CASE,300,2.16,648.00,18.19,5457.00
PABST,NATIONAL BOHEMIAN 30 PK,16,15.85,253.60,20.39,326.24
PABST,HONEY BROWN 30 PACK,4,1.95,7.80,19.19,76.76
PABST,PABST 16 OZ CAN 2/12 PK CASE,120,0.73,87.60,22.79,2734.80
,Total,656,,$1139.56,,$13128.64
ROLLING ROCK,,,,
ROLLING ROCK,ROLLING ROCK 2/12 PK 12OZ NR CASE,552,0.70,386.40,23.19,12800.88
ROLLING ROCK,ROLLING ROCK 7OZ NR,7,12.95,90.65,17.29,121.03
ROLLING ROCK,ROLLING ROCK 30 PACK,11,18.99,208.89,24.69,271.59
ROLLING ROCK,ROLLING ROCK 16 OZ CAN 4/6 PK CASE,480,0.94,451.20,22.96,11020.80
ROLLING ROCK,ROLLING ROCK 12 OZ CAN 18 PK,8,10.40,83.20,13.99,111.92
,Total,1058,,$1220.34,,$24326.22
SCHAEFER,,,,
SCHAEFER,SCHAEFER 30 PACK,4,14.75,59.00,18.79,75.16
,Total,4,,$59,,$75.16
STRAUB,,,,
STRAUB,STRAUB LAGER 2/12 NR CASE,96,0.78,74.88,27.99,2687.04
STRAUB,STRAUB LAGER 2/12 PK CAN CASE,204,0.72,146.88,21.99,4485.96
STRAUB,STRAUB LIGHT 2/12 PK CAN CASE,84,0.71,59.64,21.99,1847.16
STRAUB,STRAUB AMBER 2/12 PK NR CASE,96,0.78,74.88,27.99,2687.04
STRAUB,STRAUB AMBER 2/12 PK CAN CASE,120,0.72,86.40,21.99,2638.80
,Total,600,,$442.68,,$14346
STROHS,,,,
STROHS,STROHS 12OZ 30CANS,4,14.79,59.16,18.99,75.96
,Total,4,,$59.16,,$75.96
YUENGLING,,,,
YUENGLING,YUENGLING PREMIUM  12 OZ NR LOOSE CASE,144,0.58,83.52,17.69,2547.36
YUENGLING,YUENGLING LAGER 12 OZ NR LOOSE CASE,78,16.80,1310.40,22.39,1746.42
YUENGLING,YUENGLING LAGER 12 OZ CAN LOOSE CASE,42,15.20,638.40,20.75,871.50
YUENGLING,YUENGLING LAGER 16 OZ CAN 4/6 PK CASE,246,0.79,194.34,24.49,6024.54
YUENGLING,YUENGLING LAGER LIGHT12 OZ NR LOOSE  CASE,18,16.97,305.46,22.39,403.02
YUENGLING,YUENGLING LAGER LIGHT 12 OZ CAN LOOSE CASE,16,16.50,264.00,20.75,332.00
YUENGLING,YUENGLING LIGHT 12 OZ NR LOOSE CASE,4,14.00,56.00,17.69,70.76
YUENGLING,YUENGLING LIGHT12 OZ CAN LOOSE CASE,12,11.67,140.04,14.69,176.28
YUENGLING,YUENGLING BLACK & TAN 2/12 PK NR CASE CASE,48,0.81,38.88,25.19,1209.12
YUENGLING,YUENGLING BT 2/12 PK CAN CASE,204,0.74,150.96,22.99,4689.96
YUENGLING,YUENGLING BLACKTAN 16 OZ CAN 4/6 PK CASE,120,0.79,94.80,24.39,2926.80
YUENGLING,YUENGLING PORTER 2/12 PK NR CASE,96,0.80,76.80,27.99,2687.04
YUENGLING,YUENGLING LAGER LIGHT 16 OZ CAN 4/6 PK CASE,72,0.79,56.88,24.49,1763.28
YUENGLING,YUENGLING LAGER 12 PK NR,23,9.70,223.10,13.29,305.67
YUENGLING,YUENGLING LAGER LIGHT12 PK NR,19,9.70,184.30,13.29,252.51
YUENGLING,YUENGLING LAGER LI.CAN12 PK,22,8.90,195.80,12.29,270.38
YUENGLING,YUENGLING LAGER CAN 12 PACK,23,8.85,203.55,12.29,282.67
,Total,1187,,$4217.23,,$26559.31
BECKS,,,,
BECKS,BECKS 12OZ 2/12 PK  NR CASE,84,1.19,99.96,37.89,3182.76
BECKS,BECKS LIGHT2/12 PK NR CASE,144,1.17,168.48,37.89,5456.16
,Total,228,,$268.44,,$8638.92
CORONA,,,,
CORONA,CORONA 12OZ NR LOOSE CASE,40,24.76,990.40,34.89,1395.60
CORONA,CORONA  7OZ NR LOOSE CASE,28,19.09,534.52,26.99,755.72
CORONA,CORONA  2/12 PK CAN CASE,156,1.10,171.60,37.19,5801.64
CORONA,CORONA LIGHT NR LOOSE CASE,13,24.75,321.75,34.89,453.57
CORONA,PACIFICO 2/12 PK NR CASE,48,1.10,52.80,37.19,1785.12
CORONA,MODELO ESPECIAL12 OZ CAN LOOSE CASE,8,20.70,165.60,28.69,229.52
CORONA,CORONA LIGHT 2/12 PK CAN CASE,288,1.10,316.80,37.19,10710.72
CORONA,CORONA 2/12 PK NR CASE,252,1.10,277.20,36.89,9296.28
CORONA,CORONA LIGHT 2/12 NR CASE,120,1.07,128.40,36.89,4426.80
CORONA,MODELO ESPECIAL 2/12 PK NR CASE,192,1.10,211.20,37.19,7140.48
,Total,1145,,$3170.27,,$41995.45
DOS EQUIS,,,,
DOS EQUIS,DOS ESQUIS AMBER 2/12 PK NR CASE,48,0.97,46.56,31.89,1530.72
DOS EQUIS,DOS ESQUIS LAGER 2/12 PK NR CASE,264,0.98,258.72,31.89,8418.96
,Total,312,,$305.28,,$9949.68
GUINNESS,,,,
GUINNESS,GUINNESS  STOUT 12OZ NR 4/6 PK CASE,108,1.18,127.44,37.89,4092.12
GUINNESS,GUINNESS DRAUGHT 6/4 PK 16 OZ CAN CASE ,268,1.33,356.44,43.49,11655.32
GUINNESS,GUINNESS DRAUGHT2/12 PK  NR CASE,168,1.16,194.88,37.99,6382.32
GUINNESS,GUINNESS BLONDE  2/12 PK NR CASE,84,1.10,92.40,37.29,3132.36
GUINNESS,GUINNESS VARIETY 2/12 PK NR CASE,108,1.16,125.28,37.99,4102.92
,Total,736,,$896.44,,$29365.04
HEINEKEN,,,,
HEINEKEN,HEINEKEN 7OZ NR CASE,11,18.32,201.52,24.59,270.49
HEINEKEN,HEINEKEN 2/12 PK CAN CASE,168,1.06,178.08,33.39,5609.52
HEINEKEN,HEINEKEN LIGHT 2/12 PK NR CASE,180,1.10,198.00,34.79,6262.20
HEINEKEN,HEINEKEN LIGHT 2/12 PK CAN CASE,144,1.06,152.64,33.39,4808.16
HEINEKEN,HEINEKEN  2/12 PK NR CASE,288,1.10,316.80,34.79,10019.52
,Total,791,,$1047.04,,$26969.89
LA BATTA BLUE,,,,
LA BATTA BLUE,LABATTS BLUE 12OZ 28 PK LOOSE NR CASE,25,21.44,536.00,28.69,717.25
LA BATTA BLUE,LABATTS LIGHT 28 PK LOOSE 12OZ NR,312,0.89,277.68,28.69,8951.28
LA BATTA BLUE,LABATTS LIGHT 16 OZ CAN 4/6 PK CASE,114,0.71,80.94,22.99,2620.86
LA BATTA BLUE,LABATTS BLUE  16 OZ CAN 4/6 PK CASE,78,0.73,56.94,22.99,1793.22
LA BATTA BLUE,LABATTS BLUE 30 PK,7,22.10,154.70,29.59,207.13
LA BATTA BLUE,LABATTS LIGHT 30 PK,13,22.09,287.17,29.59,384.67
LA BATTA BLUE,LABATTS ICE BIG CAN 12 PK,36,0.81,29.16,12.69,456.84
LA BATTA BLUE,LABATTS ICE 30 PK,16,14.37,229.92,18.79,300.64
LA BATTA BLUE,LABATTS EXTRA LIGHTNR CASE,24,0.89,21.36,28.69,688.56
LA BATTA BLUE,LABATTS BLUE 12OZ NR 12 PK,4,22.63,90.52,17.19,68.76
,Total,629,,$1764.39,,$16189.21
MISC. IMPORTS,,,,
MISC. IMPORTS,NEWCASTLE BROWN ALE 2/12 PK NR CASE,144,1.16,167.04,39.49,5686.56
MISC. IMPORTS,PILSNER URQUELL 12OZ NR 4/6 PK  CASE,106,1.19,126.14,40.29,4270.74
MISC. IMPORTS,SAPPORO 12OZ NR 4/6 PK CASE,42,1.23,51.66,36.99,1553.58
MISC. IMPORTS,RED STRIPE 2/12 PK NR CASE,84,1.27,106.68,35.15,2952.60
MISC. IMPORTS,SOL 2/12 PK NR CASE,108,0.79,85.32,26.79,2893.32
MISC. IMPORTS,BIRRA MORETTI LAGER 4 /6 PK NR CASE,54,1.04,56.16,39.89,2154.06
MISC. IMPORTS,SMITHWICKS 2/12 PK NR CASE,60,1.16,69.60,39.39,2363.40
MISC. IMPORTS,PERONI 4/6 PK NR CASE,168,1.19,199.92,39.99,6718.32
MISC. IMPORTS,KRONENBOURG 1664 LAGER 4/6 PK NR CASE,12,1.23,14.76,42.99,515.88
MISC. IMPORTS,ELEPHANT MALT 12OZ NR 4/6/PK CASE,150,1.26,189.00,42.49,6373.50
MISC. IMPORTS,GROLSCH  FLIP TOP6/4 PK NR CASE,12,1.69,20.28,55.48,665.76
MISC. IMPORTS,PALM 4/6 PK NR CASE,72,1.25,90.00,42.29,3044.88
MISC. IMPORTS,DOS ESQUIS BEERS OF MEXICO 2/12 PK NR CASE,252,0.96,241.92,31.89,8036.28
MISC. IMPORTS,SAPPORO 22OZ CAN,10,2.39,23.90,37.79,377.90
MISC. IMPORTS,VICTORIA 12OZ NR 4/6 PK CASE,36,1.35,48.60,35.19,1266.84
MISC. IMPORTS,GROLSCH 2/12 PK NR CASE,96,1.19,114.24,39.99,3839.04
MISC. IMPORTS,LABATTS BLUE 12 PACK CANS,6,11.48,68.88,12.99,77.94
MISC. IMPORTS,HOFBRAU ORIGINAL4/6  NR CASE,84,1.20,100.80,45.39,3812.76
MISC. IMPORTS,VICTORIA 12OZ CAN 2/12 PK  CASE,72,0.65,46.80,27.99,2015.28
MISC. IMPORTS,MURPHY IRISH STOUT2/10 PK CAN CASE,50,1.39,69.50,44.59,2229.50
MISC. IMPORTS,AUGUSTINERBRAU LIGHT 12 OZ NR 4/6 PK CASE,78,1.66,129.48,52.99,4133.22
MISC. IMPORTS,SAM SMITH NUT BROWN ALE 6/4 PK CASE,24,1.96,47.04,60.99,1463.76
MISC. IMPORTS,SAM SMITH OATMEAL STOUT 6/4 PK NR CASE,8,1.96,15.68,60.99,487.92
MISC. IMPORTS,TECATE 2/12 PK CAN CASE,84,0.64,53.76,20.29,1704.36
MISC. IMPORTS,SCHOFFERHOFER GRAPE FRUIT4/6 PK NR,54,1.15,62.10,39.89,2154.06
MISC. IMPORTS,ST PAULI GIRL 2/12 PK NR CASE,192,0.98,188.16,32.89,6314.88
MISC. IMPORTS,BASS ALE 2/12 PK NR CASE,96,1.21,116.16,39.99,3839.04
MISC. IMPORTS,PRESIDENTE 2/12 PK NR CASE,72,1.08,77.76,33.99,2447.28
MISC. IMPORTS,HOEGAARDEN2/12 PK NR CASE,168,1.20,201.60,40.49,6802.32
MISC. IMPORTS,BODDINGTONS PUB ALE 6/4 PK 16OZ CAN CASE,120,1.43,171.60,43.99,5278.80
MISC. IMPORTS,SPATEN LAGER 2/12 PK NR CASE,132,1.26,166.32,42.29,5582.28
MISC. IMPORTS,FRANZISKANER 2/12 PK NR CASE,84,1.24,104.16,41.49,3485.16
MISC. IMPORTS,BEST OF BELGIUM 2/12 PK NR  CASE,48,1.21,58.08,38.19,1833.12
MISC. IMPORTS,STELLA ARTOIS2/12 PK NR CASE,444,1.16,515.04,36.89,16379.16
MISC. IMPORTS,STELLA ARTOIS 2/12 PK CAN CASE,144,1.14,164.16,36.99,5326.56
MISC. IMPORTS,WEIHENSTEPHAN HEFE WEISS 4/6 PK NR,24,1.55,37.20,49.99,1199.76
,Total,3390,,$3999.5,,$129279.82
CIDER,,,,
CIDER,STRONGBOW GOLD APPLE 4/6 PK NR  CASE,72,1.19,85.68,39.99,2879.28
CIDER,STRONGBOW HONEY4/6 PK NR CASE,60,1.19,71.40,39.99,2399.40
CIDER,STRONGBOW VARIETY 2/12 PK NR CASE,84,1.19,99.96,39.99,3359.16
CIDER,STRONGBOW CHERRY BLOSSOM4/6 PK NR CASE,108,1.19,128.52,39.99,4318.92
CIDER,STELLA ARTOIS CIDRE2/12 PK NR CASE,72,1.12,80.64,42.59,3066.48
CIDER,MCKENZIE BLK CHERRY4/6 PK NR CASE,96,1.35,129.60,42.29,4059.84
CIDER,WOODCHUK AMBER 4/6 PK NR CASE,60,1.29,77.40,40.19,2411.40
CIDER,WOODCHUK GRANNY SMITH 4/6 PK 12OZ NR,72,1.30,93.60,40.19,2893.68
CIDER,MAGNERS CIDER 2/12 PK NR CASE,96,1.41,135.36,47.39,4549.44
CIDER,WOODCHUK VARIETY 2/12 PK NR CASE,72,1.28,92.16,40.19,2893.68
CIDER,REDDS APPLE ALE2/ 12 PK NR CASE,108,1.07,115.56,35.79,3865.32
CIDER,REDDS RASPBERRY ALE 2/12 PK NR CASE,24,0.16,3.84,35.79,858.96
CIDER,REDDS APPLE 2/12 PK CAN CASE,84,1.00,84.00,31.99,2687.16
CIDER,REDDS VARIETY 2/12 PK NR CASE,48,1.11,53.28,35.79,1717.92
CIDER,MAGNERS PEAR  CIDER4/6 PK NR CASE,48,1.42,68.16,47.39,2274.72
CIDER,REDDS WICKEDBLACK CHERRY 10 OZ  2/12 PK CAN CASE,180,0.69,124.20,22.19,3994.20
CIDER,REDDS WICKED APPLE 6/4 PK 16 OZ CAN CASE,168,1.06,178.08,33.39,5609.52
CIDER,REDDS BLUEBERRY 2/12 PK NR CASE,108,1.08,116.64,35.79,3865.32
CIDER,REDDS WICKED MANGO 6/4 PK 16 OZ CAN CASE,120,1.04,124.80,33.39,4006.80
CIDER,REDDS WICKED RED APPLE ALE 2/12 PK 10 OZ CAN CASE,36,0.68,24.48,22.19,798.84
CIDER,REDDS APPLE ALE4/6 PK 16 OZ CAN,152,0.96,145.92,30.69,4664.88
CIDER,REDDS WICKED BLK. CHERRY 6/4 PK 16 OZ CAN CASE,136,1.05,142.80,33.39,4541.04
CIDER,REDDS WICKED STRAW KIWI 2/12 PK 10 OZ CAN CASE,48,0.68,32.64,22.19,1065.12
CIDER,ANGRY ORCHARD CRISP2/12 PK NR CASE,132,1.27,167.64,40.69,5371.08
CIDER,ANGRY ORCHARD APPLE GING 4/6 PK NR CASE,48,1.27,60.96,40.69,1953.12
CIDER,ANGRY ORCH CINNFU (WINTER)L 4/6 PK NR CASE,120,1.30,156.00,40.69,4882.80
CIDER,ANGRY ORCHARD GR APPLE 2/12 PK NR CASE,12,1.27,15.24,40.69,488.28
CIDER,WYNDRIDGE CIDER4/6 PK NR,36,1.19,42.84,39.29,1414.44
CIDER,WYNDRIDGE BARN DOG 2/12 PK NR CASE,24,1.19,28.56,39.29,942.96
CIDER,WYNDRIDGE L. CROW IPA4/6 PK NR CASE,72,1.19,85.68,39.29,2828.88
CIDER,WYNDRIDGE CIDER VAR.2/12 PK NR CASE,72,1.19,85.68,39.29,2828.88
CIDER,ANGRY ORCHARD VARIETY 2/12 PK NR CASE,132,1.27,167.64,40.69,5371.08
CIDER,ANGRY ORCH CRISP 2/12 OZ CAN CASE,204,1.27,259.08,40.69,8300.76
CIDER,ANGRY ORCHARD STONE DRY4/6 NR CASE,6,1.27,7.62,40.69,244.14
CIDER,STELLA CIDRE 4/6 PK NR CASE,102,1.29,131.58,42.59,4344.18
CIDER,REDDS WICKED APPLE24 OZ CAN CASE,9,1.79,16.11,29.59,266.31
CIDER,REDDS WICKED BL CH24 OZ CAN CASE,14,1.79,25.06,29.59,414.26
CIDER,ANGRY ORCHARDS EDGE OLD FASHIONED  4/6 PK NR CASE,24,1.40,33.60,46.00,1104.00
CIDER,ANGRY ORCHARD KNOT PEAR4/6 PK NR CASE,84,1.40,117.60,46.03,3866.52
CIDER,ANGRY ORCHARD CRISP 4/6 PK CASE,48,1.32,63.36,40.69,1953.12
CIDER,MC KENZIE VARIETY 2/12 PK NR CASE,96,1.25,120.00,42.29,4059.84
CIDER,REDDS BLUEBERRY 4/6 PK NR CASE,54,1.12,60.48,35.79,1932.66
CIDER,ANGRY ORCHARD EASY APPLE 4/6 PK NR CASE,12,1.32,15.84,40.99,491.88
CIDER,REDDS APPLE ALE 4/6 PK NR CASE,54,1.12,60.48,36.89,1992.06
CIDER,MAGNERS ORIGINAL 4/6 PK NR CASE,60,1.42,85.20,47.39,2843.40
CIDER,STRONGBOW ORANGE BLOSSOM 4/6 PK NR CASE,72,1.19,85.68,39.99,2879.28
CIDER,REDDS PEACH ALE 4/6 PK NR CASE,138,1.09,150.42,35.79,4939.02
CIDER,ANGRY ORCHARD GREEN APPLE 4/6 PK NR CASE,96,1.32,126.72,40.69,3906.24
CIDER,REDD WICKED MANGO 10 OZ 2/12 PK CAN CASE,216,0.72,155.52,22.19,4793.04
,Total,3989,,$4533.31,,$147193.31
MOLSON,,,,
MOLSON,MOLSON GOLDEN 2/12 PK NR CASE,684,0.83,567.72,26.39,18050.76
MOLSON,MOLSON ICE 12OZ NR LOOSE CASE,51,20.04,1022.04,26.39,1345.89
MOLSON,MOLSON CANADIAN LIGHT  2/12 PK NR CASE,3,20.04,60.12,26.39,79.17
MOLSON,MOLSON XXX 4/6PK NR CASE,96,1.05,100.80,31.99,3071.04
MOLSON,MOLSON CANADIAN 12 OZ CAN LOOSE CASE,10,17.74,177.40,24.29,242.90
MOLSON,MOLSON  ICE 12 OZ CAN LOOSE CASE,12,16.87,202.44,24.29,291.48
MOLSON,MOLSON GOLDEN 12 OZ CAN LOOSE CASE,11,18.39,202.29,24.29,267.19
,Total,867,,$2332.81,,$23348.43
MOOSEHEAD,,,,
MOOSEHEAD,MOOSEHEAD 2/12 PK CAN CASE,144,0.75,108.00,23.89,3440.16
MOOSEHEAD,MOOSEHEAD LIGHT2 12 PK NR CASE,108,0.96,103.68,29.69,3206.52
,Total,252,,$211.68,,$6646.68
TOP,,,,
TOP,VERDI 22 OZ CASE,4,4.50,18.00,76.06,304.24
TOP,DUVEL2/12 PK  NR CASE,48,3.08,147.84,102.79,4933.92
TOP,CHIMAY GRANDE RESERVE6/4PKS NR CASE,28,4.86,136.08,164.37,4602.36
,Total,80,,$301.92,,$9840.52
WARSTEINER,,,,
WARSTEINER,WARSTEINER 2/12 PK NR CASE,168,0.94,157.92,32.99,5542.32
WARSTEINER,WARSTEINER DUNKEL 2/12 PK  NR CASE,144,0.91,131.04,32.99,4750.56
WARSTEINER,KONIG LUDWIG WEISSBIER 4/6 PK NR CASE,132,1.12,147.84,36.99,4882.68
,Total,444,,$436.8,,$15175.56
NON ALCHOHOLIC,,,,
NON ALCHOHOLIC,KALIBER NA 12OZ NR CASE,30,0.86,25.80,27.99,839.70
NON ALCHOHOLIC,BUCKLER NA 12OZ NR CASE,42,0.71,29.82,21.99,923.58
NON ALCHOHOLIC,OLD MILWAUKEE NA 24 PACK  CAN CASE,10,13.75,137.50,18.69,186.90
NON ALCHOHOLIC,BECKS NA 12OZ NR CASE,162,0.97,157.14,31.99,5182.38
NON ALCHOHOLIC,ST PAULI GIRL NA 12OZ NR CASE,6,0.94,5.64,28.99,173.94
NON ALCHOHOLIC,O DOULS NA NR CASE,60,0.83,49.80,24.99,1499.40
NON ALCHOHOLIC,O DOULS AMBER NA NR CASE,42,0.81,34.02,24.99,1049.58
,Total,352,,$439.72,,$9855.48
GUMS BIG,,,,
GUMS BIG,DENTYNE GUM,6,0.71,4.26,1.29,7.74
,Total,6,,$4.26,,$7.74
CIGAR,,,,
CIGAR,SWISHER SWEET GRAPE CIGARILLO,12,1.73,20.76,2.89,34.68
CIGAR,SWISHER SWEET SWEET CIGARILLO,5,1.73,8.65,2.89,14.45
CIGAR,SWISHER SWEET PEACH CIGARILLO,13,1.73,22.49,2.89,37.57
CIGAR,BACK WOODS SWEET AROMATIC,2,2.00,4.00,2.89,5.78
CIGAR,BACK WOODS HONEY BOURBON,5,2.00,10.00,2.89,14.45
CIGAR,BACK WOODS HONEY BERRY,8,2.00,16.00,2.89,23.12
,Total,45,,$81.9,,$130.05
BENSON  HEDGES,,,,
BENSON  HEDGES,BENSON  HEDGES CARTON,6,8.58,51.48,94.99,569.94
,Total,6,,$51.48,,$569.94
MARLBORO,,,,
MARLBORO,MARLBORO CARTON,306,7.47,2285.82,89.99,27536.94
MARLBORO,WAVE CARTON,22,4.10,90.20,49.99,1099.78
,Total,328,,$2376.02,,$28636.72
NEWPORT,,,,
NEWPORT,NEWPORT CARTON,57,7.93,452.01,89.99,5129.43
,Total,57,,$452.01,,$5129.43
SONOMA,,,,
SONOMA,SONOMA CARTON,62,5.99,371.38,66.80,4141.60
,Total,62,,$371.38,,$4141.6
USA,,,,
USA,USA CARTON,268,6.47,1733.96,70.89,18998.52
,Total,268,,$1733.96,,$18998.52
VIRGINIA SLIMS,,,,
VIRGINIA SLIMS,VIRGINIA SLIMS CARTON,17,7.86,133.62,83.69,1422.73
,Total,17,,$133.62,,$1422.73
ICE,,,,
ICE,ICE 8LB BAG,39,0.90,35.10,1.99,77.61
ICE,ICE 20LB BAG,152,1.90,288.80,3.99,606.48
,Total,191,,$323.9,,$684.09
MIKES,,,,
MIKES,MIKES LEMONADE 2/12 PK NR CASE,12,1.16,13.92,38.19,458.28
MIKES,MIKE CRAN PASSION 4/6 PK CASE,108,1.14,123.12,38.19,4124.52
MIKES,MIKES LIME 4/6 PK NR CASE,24,1.16,27.84,38.19,916.56
MIKES,MIKES LIGHT 4/6 PK NR CASE,132,1.16,153.12,38.19,5041.08
MIKES,MIKES MANGO PUNCH 4/6 PK NR CASE,162,1.12,181.44,28.19,4566.78
MIKES,MIKES MARGARITA4/6 PK NR CASE,30,1.18,35.40,38.19,1145.70
MIKES,MIKES HARD RASP. LEM4/6 PK NR CASE,114,1.13,128.82,38.19,4353.66
MIKES,MIKES VARIETY  2/12 PK NR CASE,228,1.15,262.20,38.19,8707.32
MIKES,MIKES BLK CHERRY 2/12 PK  NR CASE,84,1.16,97.44,38.19,3207.96
MIKES,MIKES STRAW.LEMON 4/6 PKNR CASE,126,1.14,143.64,38.19,4811.94
MIKES,MIKES VARIETY 2/12 PK CAN CANS CASE,100,1.16,116.00,38.19,3819.00
MIKES,MIKES LEM. 2/12 PK 12 OZCANS CASE,48,1.11,53.28,38.19,1833.12
MIKES,MIKES HARD PEACH 4/6 PK NR CASE,60,1.16,69.60,38.19,2291.40
,Total,1228,,$1405.82,,$45277.32
MISC MALT BEVERAGE,,,,
MISC MALT BEVERAGE,WHITE CLAW VARIETY CAN CASE,12,1.43,17.16,41.99,503.88
MISC MALT BEVERAGE,BUDLT PEACH ARITA 2/12 PK 8 OZ CAN CASE,300,0.83,249.00,25.89,7767.00
MISC MALT BEVERAGE,BUDLT ARITA STRAW 2/12 PK 8 OZ CAN CASE,216,0.83,179.28,25.89,5592.24
MISC MALT BEVERAGE,WIDMER HEFE WEIZEN  NR CASE,12,0.62,7.44,19.99,239.88
,Total,540,,$452.88,,$14103
SEAGRAMS,,,,
SEAGRAMS,SEAGRAMS  WILD BERRY 6/4 PK NR CASE,24,1.07,25.68,36.19,868.56
SEAGRAMS,SEAGRAMS  VARIETY 2/12 PK NR CASE,96,1.07,102.72,36.19,3474.24
SEAGRAMS,SEAGRAMS FUZZY NAVEL 6/4  PK NR CASE,132,1.07,141.24,36.19,4777.08
SEAGRAMS,SEAGRAMS JAMAICAN ME 2/12 PK NR CASE,156,1.02,159.12,36.19,5645.64
SEAGRAMS,SEAGRAMS STRAW DAIQUIRI4/6 PK NR,149,1.07,159.43,36.19,5392.31
SEAGRAMS,SEAGRAMS CALYPSO COLADA 4/6 PK NR CASE,52,1.07,55.64,36.19,1881.88
SEAGRAMS,SEAGRAMS JAMAC ME2/12 PK  CAN CASE,180,1.07,192.60,36.19,6514.20
SEAGRAMS,SEAGRAMS  VARIETY 2/12 PK CAN CASE,168,1.07,179.76,36.19,6079.92
,Total,957,,$1016.19,,$34633.83
SMIRNOFF,,,,
SMIRNOFF,SMIRNOFF ICE 2/12 PK NR CASE,84,1.12,94.08,37.79,3174.36
SMIRNOFF,SMIRNOFF GREEN APPLE 4/6 PK NR CASE,114,1.12,127.68,37.79,4308.06
SMIRNOFF,SMIRNOFF ICE GRAPE 4/6 PK NR CASE,96,1.12,107.52,37.79,3627.84
SMIRNOFF,SMIRNOFF TRIPPLE BLACK 4/6 PK NR CASE,120,1.12,134.40,37.79,4534.80
SMIRNOFF,SMIRNOFF ICE VARIETY 2/12 PK NR CASE,84,1.12,94.08,37.79,3174.36
SMIRNOFF,SMIRNOFF  MANGO 4/6 PK NR CASE,50,1.12,56.00,37.79,1889.50
SMIRNOFF,SMIRNOFF PINEAPPLE 4/6 PK NR CASE,67,1.12,75.04,37.79,2531.93
SMIRNOFF,SMIRNOFF STRAWBERRYACAI 4/6 PK NR CASE DISC 3/23/17,30,1.12,33.60,37.79,1133.70
SMIRNOFF,SMIRNOFF PEACH BELLINI 4/6 PK NR CASE,90,1.12,100.80,37.79,3401.10
SMIRNOFF,SMIRNOFF  WATER. MUM. 4/6 PK NR CASE,90,1.12,100.80,37.79,3401.10
,Total,825,,$924,,$31176.75
TWISTED TEA,,,,
TWISTED TEA,TWISTED TEA 2/12 PK NR CASE,240,1.15,276.00,36.99,8877.60
TWISTED TEA,TWISTED TEA VARIETY CAN CASE,108,1.15,124.20,36.99,3994.92
TWISTED TEA,TWISTED TEA  HALF & HALF 2/12 PK NR CASE,228,1.15,262.20,36.99,8433.72
,Total,576,,$662.4,,$21306.24
SNACKS,,,,
SNACKS,PLANTERS SALTED CASHEWS,17,0.87,14.79,1.59,27.03
SNACKS,PLANTERS DRY ROASTED PEANUTS,1,0.34,0.34,0.69,0.69
SNACKS,PLANTERS HONEY ROASTED PEANUTS,5,0.35,1.75,0.69,3.45
SNACKS,JACKS LINKS TERIYAKI 2.85 OZ,8,3.61,28.88,4.99,39.92
SNACKS,JACKS LINKS ORIGINAL 2.85 OZ,4,3.61,14.44,4.99,19.96
SNACKS,ORBIT GUM,1,0.72,0.72,1.29,1.29
SNACKS,UTZ SOUR CREAM CHIPS,3,1.77,5.31,2.79,8.37
SNACKS,UTZ RIPPLES CHIPS,1,1.77,1.77,2.79,2.79
SNACKS,UTZ BBQ CHIPS,2,1.77,3.54,2.79,5.58
SNACKS,GURLEYS BLUE SHARKS,9,0.35,3.15,0.50,4.50
SNACKS,BIG LEAGUE SWININ S APPLE,2,0.82,1.64,2.49,4.98
SNACKS,TIC TAC FRESH MINTS,3,0.83,2.49,1.59,4.77
,Total,56,,$78.82,,$123.33
WATER,,,,
WATER,WATER ,97,0.13,12.61,6.99,678.03
,Total,97,,$12.61,,$678.03
FUEL CHARGE,,,,
FUEL CHARGE,FUEL CHARGE,45,4.13,185.85,0.00,0.00
,Total,45,,$185.85,,$0
OCTOBERFEST,,,,
OCTOBERFEST,SPATEN OCTOBERFEST,48,1.30,62.40,43.99,2111.52
,Total,48,,$62.4,,$2111.52
RENTAL EQUIPMENT,,,,
RENTAL EQUIPMENT,BARREL DEPOSIT,2,-30.00,-60.00,30.00,60.00
,Total,2,,$-60,,$60
LIGHTER,,,,
LIGHTER,BIC BIG LIGHTERS,130,1.49,193.70,2.49,323.70
LIGHTER,BIC LITTE LIGHTERS,20,0.99,19.80,1.89,37.80
LIGHTER,PLAYING CARDS,7,0.31,2.17,2.49,17.43
LIGHTER,ELECTRONIC LIGHTER WITH LED,98,0.40,39.20,2.49,244.02
LIGHTER,CLEAR LIGHTERS,75,0.10,7.50,0.89,66.75
,Total,330,,$262.37,,$689.7
MISC TAXABLE,,,,
MISC TAXABLE,ICE CHEST,1,2.88,2.88,5.49,5.49
MISC TAXABLE,SNAPPLE ICE TEA,18,0.75,13.50,1.79,32.22
MISC TAXABLE,PREMIER TUBES LIGHTS KING,22,1.85,40.70,3.99,87.78
MISC TAXABLE,PREMIER TUBES MEN. LIGHT KING,25,1.85,46.25,3.99,99.75
MISC TAXABLE,PREMIER TUBES FULL FLAVOR KING,25,1.85,46.25,3.99,99.75
MISC TAXABLE,PREMIER TUBES FULL FLAVOR 100,26,2.66,69.16,3.99,103.74
MISC TAXABLE,BOOM 16 OZ CUPS,1,2.09,2.09,2.99,2.99
MISC TAXABLE,HALLS CHERRY,23,0.70,16.10,1.19,27.37
MISC TAXABLE,HALLS DEFENSE,25,0.70,17.50,1.19,29.75
MISC TAXABLE,SHARGIO TUBES GREEN CIG. TUBES,2,1.50,3.00,2.50,5.00
MISC TAXABLE,SHARGIO TUBES FULL FLAVOR 100,5,1.24,6.20,2.50,12.50
MISC TAXABLE,ZIG ZAG BLUE KING SIZE TUBES,4,2.15,8.60,3.59,14.36
MISC TAXABLE,ZIG ZAG RED KING SIZE TUBES,5,2.15,10.75,3.59,17.95
MISC TAXABLE,TURKEY HILL LEMONADE,12,0.93,11.16,1.59,19.08
MISC TAXABLE,RONSON 8 OZ  FUEL,1,1.83,1.83,3.99,3.99
MISC TAXABLE,ALKA-SELTZER,58,0.22,12.76,0.99,57.42
MISC TAXABLE,MOTRIN,47,0.22,10.34,0.99,46.53
MISC TAXABLE,NYQUILL,24,0.44,10.56,0.99,23.76
MISC TAXABLE,DAYQUILL,4,0.44,1.76,0.99,3.96
MISC TAXABLE,TYLENOL,49,0.24,11.76,0.99,48.51
MISC TAXABLE,LITTLE TREES MORNING FRESH,22,0.54,11.88,1.29,28.38
MISC TAXABLE,LITTLE TREES NEW CAR,24,0.54,12.96,1.29,30.96
MISC TAXABLE,LITTLE TREES BLACK ICE,16,0.54,8.64,1.29,20.64
MISC TAXABLE,POCKET CORKSCREW,12,0.40,4.80,1.29,15.48
MISC TAXABLE,DELUXE WING CORKSCREW,4,2.17,8.68,4.49,17.96
MISC TAXABLE,PONG RELOAD,1,2.83,2.83,4.99,4.99
MISC TAXABLE,CHAPSTICK,176,0.95,167.20,1.79,315.04
MISC TAXABLE,TOOTHPICKS,4,0.91,3.64,1.99,7.96
,Total,636,,$563.78,,$1183.31
TOBACCO PRODUCT,,,,
TOBACCO PRODUCT,GOOD STUFF 1LB FF,4,18.02,72.08,22.89,91.56
TOBACCO PRODUCT,GOOD STUFF 1LB LIGHT,3,18.02,54.06,22.89,68.67
TOBACCO PRODUCT,GOOD STUFF 1LB MENTHOL,5,18.02,90.10,22.89,114.45
TOBACCO PRODUCT,GOOD STUFF 6 OZ FF,6,7.16,42.96,9.59,57.54
TOBACCO PRODUCT,GOOD STUFF 6OZ MENTHOL,6,7.16,42.96,9.59,57.54
TOBACCO PRODUCT,GRIZZLY WINTERGREEN,14,6.43,90.02,19.99,279.86
TOBACCO PRODUCT,GOOD STUFF ULTRA LIGHT 1LB,1,9.22,9.22,22.89,22.89
TOBACCO PRODUCT,GOOD STUFF ULTRA LIGHT 6 OZ,4,7.16,28.64,9.59,38.36
,Total,43,,$430.04,,$730.87
AMSTEL,,,,
AMSTEL,AMSTEL LIGHT 4/6 PK NR CASE,90,1.11,99.90,36.49,3284.10
,Total,90,,$99.9,,$3284.1
SOUR BEERS,,,,
SOUR BEERS,VICTORY SOUR MONKEY 4/6 PKNR CASE,6,1.58,9.48,53.49,320.94
,Total,6,,$9.48,,$320.94
MISC NON-TAXABLE,,,,
MISC NON-TAXABLE,PLANTERS SALTED PEANUTS1.75 OZ BAG,14,0.35,4.90,0.69,9.66
,Total,14,,$4.9,,$9.66
PORTER,,,,
PORTER,DESCHUTES BLK BUTTE PORTER 4/6 PK NR CASE,24,1.34,32.16,44.50,1068.00
,Total,24,,$32.16,,$1068
HARD SODA,,,,
HARD SODA,HENRYS HARD SODA GRAPE 4/6 PK NR CASE,180,1.12,201.60,38.49,6928.20
HARD SODA,HENRYS HARD SODA CHERRY 4/6 PK NR CASE,126,1.14,143.64,36.99,4660.74
HARD SODA,HENRYS HARD SODA ORANGE 4/6 PK NR CASE,402,1.13,454.26,36.99,14869.98
,Total,708,,$799.5,,$26458.92
Test Cat,,,,
Test Cat,Testing Item,320,0.24,76.80,0.51,163.20
Test Cat,Testing Item,10,0.14,1.40,2.88,28.80
,Total,330,,$78.2,,$192
General,,,,
General,123 test sku,17,0.36,6.12,3.02,51.34
General,123 stn,19,0.23,4.37,1.99,37.81
,Total,36,,$10.49,,$89.15
,Grand Total,46387,,$85026.52,,$1564982.05
